Titulo,Precio,Condicion,Vendedor,Ciudad
Chromecast Google Tv Hd 8gb 2gb Ram 60 Fps Wifi Bluetooth Hdmi 4ta Gen Blanco,41000,new,No disponible,Monserrat
Google Chromecast With Google Tv De Voz 4.ª Generación 4k 8gb Snow Con 2gb De Memoria Ram,53090.64,new,No disponible,Chacarita
 Google Chromecast  3 Full Hd Media Streaming Negro Carbón Color Carbón,36749,new,No disponible,San Cristóbal
Xiaomi Mi Tv Stick Mdz-24-aa - Negro - 8 Gb - 1 Gb - Control De Voz,39999,new,No disponible,Ciudad Autonoma de Buenos Aires
Google Chromecast With Google Tv De Voz 4.ª Generación 4k 8gb Sky Con 2gb De Memoria Ram,68948,new,No disponible,Paternal
Xiaomi Stick 4k Mdz-27-aa Control De Voz 4k 8gb Negro Con 2gb De Memoria Ram,40451,new,No disponible,Rosario
Google Chromecast 4 Con Google Tv Hd,45999,new,No disponible,Haedo
Google Chromecast 3 Gen Smart Tv Hdmi Full Hd Usb Pcreg,43799.27,new,No disponible,Almagro
Google Chromecast 2.ª Generación Full Hd 256mb Amarillo Con 512mb De Memoria Ram,34999,new,No disponible,Paternal
Google Chromecast With Google Tv De Voz 4.ª Generación 4k 8gb Sunrise Con 2gb De Memoria Ram,99999,new,No disponible,Paternal
Google Chromecast 3ra Gen,40474.57,new,No disponible,San Telmo
Google Chromecast Hd,44499,new,No disponible,Rosario
Google Chromecast Hd 1080p Netflix Apps Control Con Fuente,59756,new,No disponible,Mar del Plata
 Chromecast With Google Tv  De Voz 4k ,93499,new,No disponible,Caballito
Chromecast 4 Google Tv Hd 8gb 2gb Ram Wifi Bluetooth Blanco,43499,new,No disponible,Haedo
Chromecast 4 Google Tv Hd 8gb 2gb Ram Wifi Bluetooth Blanco,69999,new,No disponible,Haedo
Google Chromecast Tv Hd 4° Gen 8gb 60fps Hdmi Blanco Ga03131,47890,new,No disponible,Córdoba
Google Chromecast Hd Con Google Tv Y C Remoto,49990,new,No disponible,San Martin
Chromecast 4ta Generación Con Google Tv Y Control Remoto,51999,new,No disponible,Bahía Blanca
Chromecast Con Google Tv Full Hd Ga03131 8gb Control Remoto,43099,new,No disponible,San Nicolás
Chromecast Smart Tv Netflix Google Tv 4k Hdr Control Remoto,56286.55,new,No disponible,San Nicolás
Google Chromecast 3 Gen Smart Tv Hdmi Full Hd Usb Netflix ,38599,new,No disponible,Puerto Madero
Xiaomi Mi Box S Mdz-22-ab - Negro - 8 Gb - 2 Gb - Control De Voz,61899,new,No disponible,Monserrat
Google Chromecast With Google Tv De Voz 4k 8gb 2gb Ram,93499,new,No disponible,Parque Chacabuco
Google Chromecast 4th Generation Snow Ga03131-us,69999,new,No disponible,Paternal
Google Chromecast 3.ª Generación Ga00439 - Carbón,36599,new,No disponible,CABA
Google Chromecast Con Google Tv 1080p Full Hd 8gb Control,43000,new,No disponible,Monserrat
Chromecast Google Ga03131 Google Tv Hd 8gb - Blanco,42120,new,No disponible,Córdoba
Google Chromecast Con Google Tv 4k Hdmi Streaming Android Tv,79999,new,No disponible,Paternal
Chromecast Google Ga03131 Google Tv Hd 8gb Blanco,62999,new,No disponible,Melchor Romero
Android Smart Tv Xiaomi Mi Tv Stick Color Negro Tipo De Control Remoto De Voz,45000,new,No disponible,Martínez
Google Chromecast 4 Full Hd Media Streaming Tv,99999,new,No disponible,Paternal
Chromecast Google Ga03131 Google Tv Hd 8gb Blanco,42353,new,No disponible,Martínez
 Chromecast Google Tv 4k Voz 8gb Y 2gb Ram Original Pcreg,59199.26,new,No disponible,Almagro
Google Chromecast 3 Generacion Smart Tv Original + Fuente,36899,new,No disponible,Monserrat
Xiaomi Mi Box S Mdz-28-aa 4k 8gb 2gb Ram 2th Gen Evotech,75999,new,No disponible,Florida
Xiaomi Mi Tv Box S 2nd Control De Voz 4k 8gb Con 2gb De Memoria Ram,70000,new,No disponible,Posadas
Chromecast4 Smart Tv Netflix Google Tv Voz Control Remoto Hd,46899,new,No disponible,Ciudad Autonoma de Buenos Aires
Chromecast Google Ga03131 Google Tv Hd 8gb Blanco,42000,new,No disponible,Belgrano
Chromecast With Google Tv  De Voz 4k 8gb  Snow 2gb Ram,59519,new,No disponible,Parque Chas
Google Chromecast 3.ª Generación Full Hd Carbón Ga00439,54899,new,No disponible,Villa Urquiza
Convertidor Chromecast Tv 4 Generacion Google Smart Control,54999,new,No disponible,Ituzaingó
Chromecast 4 Google Tv Full Hd En Caja Con Cargador Original,49999,new,No disponible,Palermo
Google Chromecast 3.ª Generación Full Hd Carbón Ga00439 Cuo,80799,new,No disponible,Villa Urquiza
 Chromecast With Google Tv  De Voz 4k 8gb Sky Blue 2gb Ram,71819,new,No disponible,Parque Chas
Google Chromecast 3 Media Streaming Player Original En Caja ,36999,new,No disponible,San Nicolás
Google Chromecast Google Tv Control Voz 4k 8gb Snow 2gb Ram,53999,new,No disponible,Haedo
Xiaomi Stick 4k Mdz-27-aa Control De Voz 4k 8gb 2gb ,40951,new,No disponible,Colegiales
Google Chromecast 3 Generacion Tv Hdmi En Caja 100% Original,44999,new,No disponible,Monserrat
Chromecast Google Ga03131 Google Tv Hd 8gb Blanco,50000,new,No disponible,Adrogué
Google Home Con Asistente Virtual Google Assistant White Y Slate 110v/220v,60999,new,No disponible,Neuquén
Google Home Mini Con Asistente Virtual Google Assistant Coral 110v/220v,49999,new,No disponible,Paternal
Google Nest Home Hub Asistente Virtual Y 7 Pulgadas Outlet,59999,new,No disponible,San Nicolás
Google Nest Mini Nest Mini 2nd Gen Con Asistente Virtual Google Assistant Sky 110v/220v,69999,new,No disponible,Paternal
Google Home Mini Asistente Virtual Bulk - Sin Caja - Envío ,36596,new,No disponible,Martin Coronado
Google Home Mini Versión Bulk/ Sin Caja/ Cargador Original!,36597,new,No disponible,Martin Coronado
Google Home Mini Con Asistente Virtual Google Assistant Chalk 110v/220v,66499.05,new,No disponible,Villa Carlos Paz
"Google Nest Hub Con Asistente Virtual Google Assistant, Pantalla Integrada De 7  Chalk 110v/220v",119999,new,No disponible,Paternal
Fuente Original Google 5v Micro-usb,3999,new,No disponible,Floresta
Google Home Mini Asistente - Bulk - Sin Caja - Fuente 220v ,35995,new,No disponible,Martin Coronado
Soporte Montaje Embutido Pared Google Home Hub Mountgenie,8100,new,No disponible,Caballito
Google Home Hub Asistente Virtual Inteligente Pantalla 7,99999,new,No disponible,Paternal
Google Home Mini Asistente Virtual Bulk - Sin Caja - Oferta!,35996,new,No disponible,Martin Coronado
Google Home Mini /bulk - Sin Caja + Cuot.s S/ Inter.s ,48888,new,No disponible,Martin Coronado
Asistente Virtual Google Home Hub Altavoz Wifi Bluetooth ,99999,new,No disponible,Paternal
Google Home Mini Asistente Virtual Bulk - Sin Caja / Cuot.s!,46666,new,No disponible,Martin Coronado
Google Home Mini Español Parlante Virtual Con Fuente Spotify,49999,new,No disponible,Paternal
Google Home Mini Asistente Virtual Caja Sellada En Español,49999,new,No disponible,Paternal
Combo Google Home Mini + Chromecast 2 Ga00379-us,79999,new,No disponible,Paternal
Google Home Mini + Chromecast 2nd Generation Netflix Spotify,79999,new,No disponible,Paternal
Google Home Hub Parlante Asistente Virtual Smart Premium,149999,new,No disponible,Paternal
Google Home Mini Asistente Virtual Bulk - Sin Caja - Gtia ,36598,new,No disponible,Martin Coronado
Asistente Virtual Google Home Hub Pantalla 7 Smart Nest Wifi,99999,new,No disponible,Paternal
Combo Google Home Mini + Chromecast 2 Asistente Virtuales,99999,new,No disponible,Paternal
Asistente Virtual Google Home Hub Smart Pantalla 7 Wifi Bt ,149999,new,No disponible,Paternal
Soporte De Pared Google Mini Home / Nest Mini 2da Generacion,1499,new,No disponible,Mina Clavero
Asistente Virtual Google Home Hub Parlante Voice Match Cuota,149999,new,No disponible,Paternal
Google Home Mini + Chromecast 2nd Generation Netflix Spotify,79999,new,No disponible,Paternal
Combo Streaming Chromecast 2 & Parlante Google Home Mini  ,99999,new,No disponible,Paternal
Soporte De Pared Google Mini Home / Nest Mini 2da Generacion,3400,new,No disponible,Munro
Soporte Pared 45º Google Home Hub Base 138x60mm Nextsale,3400,new,No disponible,Munro
Combo Streaming Chromecast 2 & Parlante Google Home Mini ,99999,new,No disponible,Paternal
Soporte De Pared A 45º Google Home Hub - Base 138x60mm,2999,new,No disponible,Mina Clavero
Soporte De Pared Google Home Hub Max - Base 198x84mm,2999,new,No disponible,Mina Clavero
Soporte De Pared Google Nest Hub Max - Base 208x90mm,4999,new,No disponible,Mina Clavero
Google Home Mini Asistente Virtual Bulk - Sin Caja - Cuot.s,46667,new,No disponible,Martin Coronado
Google Home Mini ,50000,new,No disponible,La tablada
Google Home Mini,50000,new,No disponible,Bella Vista
Asistente Virtual Inteligente Google Home Refabricado,39999,used,No disponible,Paternal
Google Nest Mini 2 Asistente Virtual Refabricado Home,49999,used,No disponible,Paternal
Google Home Max Con  Google Assistant  - 100v/240v,250000,used,No disponible,La Plata
Google Home Mini ,40000,used,No disponible,Alcorta
Google Home,40000,used,No disponible,Chascomús
Parlante Inteligente Google Home Mini Smart Speaker Gris Yt,69999,used,No disponible,Paternal
Parlante Google Home Inteligencia Artificial Refabricado,69999,used,No disponible,Paternal
Parlante Inteligente Google Home Mini Refabricado,79999,used,No disponible,Paternal
Parlante Google Home Mini Asistente Virtual Refabricado,79999,used,No disponible,Paternal
Google Home Parlante Original Asistente Virtual Blanco Usado,69999,used,No disponible,Paternal
Google Home Mini Virtual Assistant Charcoal Refabricado,79999,used,No disponible,Paternal
Google Home Mini Con Asistente Virtual Google Celeste Ref,49999,used,No disponible,Paternal
 Apple Tv 4k (wifi) A2737 Control De Voz 3.ª Generación 2022 4k 64gb Negro,200999,new,No disponible,Florida Oeste
 Apple Tv 4k (wifi + Ethernet) A2843 Control De Voz 3.ª Generación 2022 4k 128gb Negro,210999,new,No disponible,Florida Oeste
"Apple Tv 4k Mxh02ll/a 64gb Chip A12 Bionic Ethernet Wifi Y Bluetooth , Control Por Voz Siri Remote",165000,new,No disponible,Ciudadela
 Apple Tv 4k A2169 Control De Voz 2.ª Generación 2021 4k 32gb Negro,198289.21,new,No disponible,Ciudadela
 Apple Tv 4k A2169 Control De Voz 2.ª Generación 2021 4k 64gb Negro,174999.3,new,No disponible,Ciudadela
 Apple Tv Hd A1625 Control De Voz 4.ª Generación 2015 Full Hd 32gb Negro Con 2gb De Memoria Ram,115999,new,No disponible,olivos
 Apple Tv A1469 Estándar 3.ª Generación Rev. A Full Hd 8gb Negro Con 512mb De Memoria Ram,49000,new,No disponible,Belgrano
Soporte Para Apple Tv 4 5 6 Generación,1700,new,No disponible,Haedo
Apple Tv 4k 64gb 2nd Generation Mxgy2ll/a,299999,new,No disponible,Paternal
Apple Tv 4k 64gb Negro 1.ª Generación 2017,119999,new,No disponible,Paternal
Apple Tv 4k 32 Gb,193243.05,new,No disponible,Saavedra
Apple Tv 4k Hdr 32gb 2021  Mxgy2ll/a _ap,296746.45,new,No disponible,Rosario
Apple Tv Hd 1080p 2021 32gb A1625 Orig Sellado Gtia Ofic,156499,new,No disponible,Olivos
Apple Tv 4k 32gb Negro 1.ª Generación 2017,119999,new,No disponible,Paternal
Apple Tv 4k 64gb 5th Gen Prime Video Netflix Control X Voz,119999,new,No disponible,Paternal
Convertidor Smart Tv Apple Tv 4k 2nd Gen 64gb,299999,new,No disponible,Paternal
Soporte Para Apple Tv Decodificadores Tgw,12160,new,No disponible,Pilar
 Apple Tv 4k A2169 Control Voz 2ª Generación 2021 32gb Negro,244999,new,No disponible,Tandil
Convertidor A Smart Tv Apple Tv 4k 32gb Mqd22ll/a,189999,new,No disponible,Paternal
Soporte Para Apple Tv 4 5 6 Gen + Soporte Control Remoto,3400,new,No disponible,Munro
Apple Tv 4k 2nd Gen 64gb Hbo Max Prime Video Disney+ Netflix,199999,new,No disponible,Paternal
 Apple Tv Hd A1625 4.ª Generación 2015 2gb Negro 2gb Ram,140000,new,No disponible,Monte Castro
 Apple Tv 4k A2169 De Voz 2.ª Generación 2021 4k 64gb Negro,263423,new,No disponible,Hurlingham
Apple Tv 4k 32gb Mqd22ll/a New 4k _ap,212100.17,new,No disponible,Rosario
 Apple Tv 4k (3rd Generation) Wi-fi Model A2737 2022 ,200000,new,No disponible,belgrano
 Apple Tv 4k A2169 De Voz 2.ª Generación 2021 4k 64gb Negro,358212,new,No disponible,Hurlingham
Soporte Para Apple Tv 4 5 6 Gen + Soporte Control Remoto,2000,new,No disponible,Haedo
Apple Tv 4k 2nd Generation 64gb Convertidor Smart Tv Netflix,199999,new,No disponible,Paternal
Convertidor A Smart Tv Apple Tv Resolucion 4k 32gb ,114999,new,No disponible,Paternal
Apple Tv 4k 2nd Gen 64gb Netflix Prime Video Disney+,299999,new,No disponible,Paternal
Apple Tv 4k 64gb 5th Gen Hbo Netflix Prime Video Spotify,119999,new,No disponible,Paternal
 Apple Tv 4k (wifi + Ethernet) A2843 2022 4k 128gb Negro,290000,new,No disponible,Banfield
Soporte Para Apple Tv 4 5 6 Generación + Funda Control,19616.7,new,No disponible,Pilar
Nueva Apple Tv 4k 64gb Mp7p2ll/a A Pedido! ,498755.37,new,No disponible,Bella Vista
Soporte Holder Para Pared Apple Tv 4k Impresion 3d,1800,new,No disponible,San Miguel de Tucumán
Soporte Para Apple Tv Decodificadores Estante Tagwood,15810,new,No disponible,Pilar
Apple Tv 4k (32 Gb) A2169,220000,new,No disponible,Moreno
Apple Tv Hd 4ta Generación,80000,used,No disponible,Ciudadela
Apple Tv 3ra Generación Para Repuesto,8000,used,No disponible,Versailles
 Apple Tv A1427 2.ª Generación ,20670,used,No disponible,Villa Martelli
Apple Tv,15000,used,No disponible,Castelar
 Apple Tv A1218 1.ª Generación 2007 Full Hd 40gb Silver ,35900,used,No disponible,Caballito
 Apple Tv 4k A2169 Control De Voz 2.ª Generación 4k 32gb,119999,used,No disponible,Ciudad Autónoma de Buenos Aires
 Apple Tv (mod A-1625 Y Mod (a-1469),35000,used,No disponible,Pilar
Apple Tv 3ra Generación,28000,used,No disponible,Victoria
Apple Tv 3ra Generación,35000,used,No disponible,Florencio Varela
Apple Tv 3ra Generación ,44999,used,No disponible,Embarcación
 Apple Tv A1218 1.ª Generación 2007 Full Hd 40gb Silver ,72490,used,No disponible,Caballito
Apple Tv 3ra Generación A1469 // Excelente Funcionamiento //,55000,used,No disponible,Martínez
Apple Tv Hd A1625 De Voz 4 Generación 2015 Full Hd 32gb,100000,used,No disponible,Quilmes
Amazon Fire Tv Stick Lite Edición 2022 Control De Voz Full Hd 8gb Negro,37148,new,No disponible,Don Torcuato
Amazon Fire Tv Stick Lite Control De Voz Full Hd 8gb Negro Con 1gb De Memoria Ram,35907,new,No disponible,Paternal
Amazon Fire Tv Stick 4k - Negro - 8 Gb - 1.5 Gb - Control De Voz,38550,new,No disponible,Rosario
Amazon Fire Tv Stick 3ra Hd Alexa Voice Remote Original,38410,new,No disponible,Rosario
Amazon Fire Tv Stick 4k De Voz 3.ª Generación 4k 8gb Negro Con 1.5gb De Memoria Ram,40100,new,No disponible,Bernal
Amazon Fire Tv Stick Control De Voz 3.ª Generación Full Hd 8gb Negro Con 1gb De Memoria Ram,38999,new,No disponible,Castelar
Amazon Tv Stick Fire Tv Stick 4k Max K2r2te De Voz 1.ª Generación 4k 8gb Negro Con 2gb De Memoria Ram,55650,new,No disponible,Rosario
Amazon Max Fire Tv Stick 4k Max B08mqzxn1x Control De Voz 3.ª Generación 8gb Negro Con 2gb De Memoria Ram,59999,new,No disponible,Villa Devoto
Amazon Fire Tv Stick Edición 2021 Control De Voz Full Hd 8gb Negro,38999,new,No disponible,San Cristobal
"Amazon Fire Tv Stick 4k Streaming, Con Alexa Voice Remote Color Negro",78185,new,No disponible,caba
Amazon Fire Tv Stick Control De Voz 2.ª Generación Full Hd 8gb Negro Con 1gb De Memoria Ram,39999,new,No disponible,Parque Chacabuco
Amazon Fire Tv Stick 4k Control De Voz 4k 8gb 1.5gb Ram,42999.14,new,No disponible,Almagro
 Amazon Fire Tv Stick Lite Full Hd 8gb 1gb Ram Streaming ,35999,new,No disponible,San Cristóbal
Amazon Fire Tv Stick Hd 8gb Hdr Dolby 1080p Control Voz Imp,40999,new,No disponible,Ciudad Autonoma de Buenos Aires
Amazon Fire Tv Stick Hd 8gb Hdr Dolby 1080p Imp Control Voz,60680,new,No disponible,Ciudad Autonoma de Buenos Aires
Amazon Fire Tv Stick Lite Hd 8gb Hdr Dolby 1080p Control Voz,42999,new,No disponible,CORDOBA CAPITAL
Amazon Fire Tv Stick 4k De Voz 4k 8gb 1.5gb De Memoria Ram,39890.5,new,No disponible,Monte Castro
Amazon Fire Tv Stick Lite Control Remoto Alexa 1080p 8gb/1gb,35907,new,No disponible,Monserrat
Amazon Fire Tv Stick Lite Full Hd Control Por Voz Smart + ,57353,new,No disponible,Ituzaingó
Amazon Fire Tv Stick Lite De Voz Full Hd 8gb Con Fuente 220v,47285,new,No disponible,Martin Coronado
Amazon Fire Tv Stick Control 4k De Voz 8gb Negro 1.5gb Ram,63999,new,No disponible,Quequén
Amazon Fire Tv Stick 4k Uhd 8gb Negro Hdmi C/ Alexa,39890,new,No disponible,Monserrat
Amazon Fire Tv Stick Lite De Voz Full Hd 8gb + Fuente 220v!,47284,new,No disponible,Martin Coronado
Amazon Fire Tv Stick 4k De Voz 4k 8gb 1.5gb Ram Outlet,33999,new,No disponible,Monserrat
Amazon Fire Tv Stick 4k 8gb Negro Con 1.5gb De Memoria Ram,40490,new,No disponible,San Cristóbal
Amazon Fire Tv Stick Lite Full Hd 8gb Con Fuente 220v De Voz,47286,new,No disponible,Martin Coronado
"Amazon Fire Tv Stick 4k 8gb Hdr Dolby 1,5gb Ram Control Voz",42899,new,No disponible,Ciudad Autonoma de Buenos Aires
Amazon Fire Tv Stick 3ra Gen Edición 2021 Full Hd Streaming,38999,new,No disponible,San Cristóbal
Amazon Fire Tv Stick De Voz 4k 8gb Fuente 220 Cuot.s S/ Int-,89996,new,No disponible,Martin Coronado
Amazon Fire Tv Stick Lite Full Hd 8gb C/fuente Original220v ,43999,new,No disponible,Temperley
"Amazon Fire Tv Stick 4k 8gb Hdr Dolby Control Voz 1,5gb Ram ",66899,new,No disponible,Ciudad Autonoma de Buenos Aires
 Amazon Fire Tv Stick 4k Ultra Hd Hdr Alexa 3rd Gen Original,41999,new,No disponible,San Nicolás
Amazon Fire Tv Stick 4k 8gb 1.5gb Ram Control Por Voz Alexa,40500,new,No disponible,Ciudadela
"Amazon Fire Tv Stick 4k De Voz 4k 8gb 1,5gb Ram Streaming",59999,new,No disponible,Paternal
 Amazon Fire Tv Stick Lite 8gb 1gb Ram Alexa,79999,new,No disponible,Paternal
Amazon Tv Stick Fire 4k Max Full Hd Alexa 2gb Ram 1era Gen,56399,new,No disponible,Paternal
Amazon Fire Tv Stick 4k,37999,new,No disponible,Balvanera
Amazon Fire Tv Stick 4k De Voz 3° Gen 8gb Cargador Original!,59998,new,No disponible,Martin Coronado
Amazon Fire Tv Stick 3ra Gen 2021 Streaming Alexa Control ,41599,new,No disponible,San Cristóbal
Amazon Fire Tv Stick Lite Con Cargador Cuot.s S/ Inter.s!,67888,new,No disponible,Martin Coronado
Amazon Fire Tv Stick Lite Control Por Voz Alexa Full Hd,49999,new,No disponible,Paternal
Amazon Fire Tv Stick Lite De Voz Full Hd 8gb + Cargador 220v,47288,new,No disponible,Martin Coronado
"Amazon Fire Tv Stick 4k 8gb 1,5gb Ram Convertidor Smart Tv",59999,new,No disponible,Paternal
Amazon Fire Tv Stick Lite Full Hd 8gb 1gb De Ram Con Voz,38269,new,No disponible,Monte Castro
 Amazon Fire Tv Stick 4k Ultra Hd Hdr Con Alexa En Control ,39890,new,No disponible,Monserrat
Amazon Fire Tv Stick Lite  Control De Voz Full Hd 8gb Negro,37520,new,No disponible,Benavidez
Amazon Fire Tv Stick 4k 1.5gb Ram Streaming Control Por Voz,44299,new,No disponible,San Cristóbal
Amazon Fire Tv Stick Control  Voz 3.ª Generación Full Hd 8gb,69777,new,No disponible,caba
 Amazon Fire Tv Stick Con Alexa Integrado En Control Remoto,57999,new,No disponible,Parque Chacabuco
Amazon Fire Tv Stick Edición 2021 Full Hd 8gb Streaming,38999,new,No disponible,San Cristobal
